UT,TIME,ALTITUDE,APOAPSIS,PERIAPSIS,INCLINATION,S VELOCITY,O VELOCITY,THRUST,MASS,IDEAL PITCH,PITCH,GRAVITY,STAGE,S1 FUEL,S1 OX,S2 FUEL,S2 OX
3003915.4169632,0.0400000000372529,75.4365697714966,80.7631341677625,0,0.0971338657945737,0.591889828809706,174.965872604104,205.271209716797,14.9434356689453,89.8961616846414,89.9572293319449,9.80753368930326,9,99.9%,99.9%,100%,100%
